<?xml version="1.0" encoding="utf-8"?>
<configs>
	<append xpath="/recipes">

		<!-- ****************************************************** -->
		<!-- ********** Slope Blocks Helper Recipes ********** -->
		<!-- ****************************************************** -->

		<recipe name="Extended Wood Slope Blocks" count="1" craft_area="tablesaw">
			<ingredient name="resourceWood" count="10"/>
		</recipe>

		<recipe name="Extended Brick Slope Blocks" count="1" material_based="true" craft_area="forge" tags="perkAdvancedEngineering">
			<ingredient name="unit_stone" count="12"/>
			<ingredient name="unit_clay" count="75"/>
			<effect_group>
				<passive_effect name="CraftingIngredientCount" operation="perc_add" level="0,1,2,3,4" value=".25,.25,.25,.177,.12" tags="unit_stone,unit_clay"/>
			</effect_group>
		</recipe>

		<recipe name="Extended Iron Slope Blocks" count="1" material_based="true" craft_area="forge" tags="perkAdvancedEngineering">
			<ingredient name="unit_iron" count="24"/>
			<ingredient name="unit_clay" count="12"/>
			<effect_group>
				<passive_effect name="CraftingIngredientCount" operation="perc_add" level="0,1,2,3,4" value=".25,.25,.25,.177,.12" tags="unit_iron,unit_clay"/>
			</effect_group>
		</recipe>

		<recipe name="Extended Concrete Slope Blocks" count="1" craft_area="workbench">
			<ingredient name="pouredConcreteBlockVariantHelper" count="1"/>
		</recipe>

		<!-- ************************************************ -->
		<!-- ********** Arch Blocks Helper Recipes ********** -->
		<!-- ************************************************ -->

		<recipe name="Extended Flagstone Arch Blocks" count="1" craft_area="workbench">
			<ingredient name="resourceCobblestones" count="4"/>
		</recipe>

		<recipe name="Extended Brick Arch Blocks" count="1" material_based="true" craft_area="forge" tags="perkAdvancedEngineering">
			<ingredient name="unit_stone" count="12"/>
			<ingredient name="unit_clay" count="75"/>
			<effect_group>
				<passive_effect name="CraftingIngredientCount" operation="perc_add" level="0,1,2,3,4" value=".25,.25,.25,.177,.12" tags="unit_stone,unit_clay"/>
			</effect_group>
		</recipe>

		<recipe name="Extended Iron Arch Blocks" count="1" material_based="true" craft_area="forge" tags="perkAdvancedEngineering">
			<ingredient name="unit_iron" count="24"/>
			<ingredient name="unit_clay" count="12"/>
			<effect_group>
				<passive_effect name="CraftingIngredientCount" operation="perc_add" level="0,1,2,3,4" value=".25,.25,.25,.177,.12" tags="unit_iron,unit_clay"/>
			</effect_group>
		</recipe>

		<recipe name="Extended Concrete Arch Blocks" count="1" craft_area="workbench">
			<ingredient name="pouredConcreteBlockVariantHelper" count="1"/>
		</recipe>

		<!-- ************************************************** -->
		<!-- ********** Window Blocks Helper Recipes ********** -->
		<!-- ************************************************** -->

		<recipe name="Extended Wood Window Blocks" count="1" craft_area="tablesaw">
			<ingredient name="resourceWood" count="10"/>
			<ingredient name="glassBlockVariantHelper" count="1"/>
		</recipe>

		<recipe name="Extended Brick Window Blocks" count="1" material_based="true" craft_area="forge" craft_tool="toolForgeCrucible" tags="perkAdvancedEngineering">
			<ingredient name="unit_stone" count="12"/>
			<ingredient name="unit_clay" count="77"/>
			<ingredient name="unit_glass" count="17"/>
			<ingredient name="unit_lead" count="6"/>
			<effect_group>
				<passive_effect name="CraftingIngredientCount" operation="perc_add" level="0,1,2,3,4" value=".25,.25,.25,.177,.12" tags="unit_stone,unit_clay,unit_glass,unit_lead"/>
			</effect_group>
		</recipe>

		<recipe name="Extended Concrete Window Blocks" count="1" craft_area="workbench">
			<ingredient name="pouredConcreteBlockVariantHelper" count="1"/>
			<ingredient name="glassBlockVariantHelper" count="1"/>
		</recipe>

		<!-- ************************************************** -->
		<!-- ********** Decor Blocks Helper Recipes ********** -->
		<!-- ************************************************** -->

		<recipe name="Extended Wood Decor Blocks" count="1" craft_area="tablesaw">
			<ingredient name="resourceWood" count="10"/>
		</recipe>

		<recipe name="Extended Brick Decor Blocks" count="1" material_based="true" craft_area="forge" tags="perkAdvancedEngineering">
			<ingredient name="unit_stone" count="12"/>
			<ingredient name="unit_clay" count="75"/>
			<effect_group>
				<passive_effect name="CraftingIngredientCount" operation="perc_add" level="0,1,2,3,4" value=".25,.25,.25,.177,.12" tags="unit_stone,unit_clay"/>
			</effect_group>
		</recipe>

		<recipe name="Extended Large Iron Decor Blocks" count="1" material_based="true" craft_area="forge" craft_tool="toolForgeCrucible" tags="perkAdvancedEngineering">
			<ingredient name="unit_iron" count="120"/>
			<ingredient name="unit_clay" count="60"/>
			<effect_group>
				<passive_effect name="CraftingIngredientCount" operation="perc_add" level="0,1,2,3,4" value=".25,.25,.25,.177,.12" tags="unit_iron,unit_clay"/>
			</effect_group>
		</recipe>

		<recipe name="Extended Concrete Decor Blocks" count="1" craft_area="workbench">
			<ingredient name="pouredConcreteBlockVariantHelper" count="1"/>
		</recipe>

		<!-- ************************************************************* -->
		<!-- ********** Destruction Decor Blocks Helper Recipes ********** -->
		<!-- ************************************************************* -->

		<recipe name="Extended Wood Destruction Decor Blocks" count="1" craft_area="tablesaw">
			<ingredient name="resourceWood" count="10"/>
		</recipe>

		<recipe name="Extended Brick Destruction Decor Blocks" material_based="true" count="1" craft_area="forge" tags="perkAdvancedEngineering">
			<ingredient name="unit_stone" count="12"/>
			<ingredient name="unit_clay" count="75"/>
			<effect_group>
				<passive_effect name="CraftingIngredientCount" operation="perc_add" level="0,1,2,3,4" value=".25,.25,.25,.177,.12" tags="unit_stone,unit_clay"/>
			</effect_group>
		</recipe>

		<recipe name="Extended Iron Destruction Decor Blocks" material_based="true" count="1" craft_area="forge" tags="perkAdvancedEngineering">
			<ingredient name="unit_iron" count="24"/>
			<ingredient name="unit_clay" count="12"/>
			<effect_group>
				<passive_effect name="CraftingIngredientCount" operation="perc_add" level="0,1,2,3,4" value=".25,.25,.25,.177,.12" tags="unit_iron,unit_clay"/>
			</effect_group>
		</recipe>

		<recipe name="Extended Concrete Destruction Decor Blocks" count="1" craft_area="workbench">
			<ingredient name="pouredConcreteBlockVariantHelper" count="1"/>
		</recipe>

	</append>
</configs>
