<configs>
	<append xpath="/blocks">

		<!-- ********** Extended Light Blocks ********** -->

		<block name="Shop Sign Open">
			<property name="Class" value="PoweredLight"/>
			<property name="CreativeMode" value="Player"/>
			<property name="DescriptionKey" value="lightPlayerGroupDesc"/>
			<property name="CustomIcon" value="signShopOpenSwitch"/>
			<property name="RuntimeSwitch" value="true"/>
			<property name="StabilitySupport" value="false"/> <!-- build restriction -->
			<property name="Shape" value="ModelEntity"/>
			<property name="Collide" value="movement,melee,bullet,arrow,rocket"/>
			<property name="Model" value="Entities/Signs/sign_open_Prefab"/>
			<property name="HandleFace" value="South"/>
			<property name="ImposterDontBlock" value="true"/>
			<property name="Material" value="Mmetal_weak"/>
			<property name="OnlySimpleRotations" value="true"/>
			<drop event="Harvest" name="resourceElectricParts" count="2" prob="0.7" tag="salvageHarvest"/>
			<drop event="Harvest" name="resourceScrapIron" count="2" prob="0.8" tag="salvageHarvest"/>
			<drop event="Destroy" name="resourceScrapIron" count="1,5" prob="1"/>
			<drop event="Fall" name="scrapMetalPile" count="1" prob="0.75" stick_chance="1"/>
			<property name="TakeDelay" value="5"/>
			<property name="EconomicValue" value="150"/> <!-- disassemble value -->
			<property name="SortOrder1" value="70s0"/>
			<property name="RequiredPower" value="2"/>
		</block>

		<block name="Street Light">
			<property name="Class" value="PoweredLight"/>
			<property name="CreativeMode" value="Player"/>
			<property name="DescriptionKey" value="lightPlayerGroupDesc"/>
			<property name="CustomIcon" value="streetLight01"/>
			<property name="RuntimeSwitch" value="true"/>
			<property name="Material" value="Mmetal"/>
			<property name="StabilitySupport" value="false"/> <!-- build restriction -->
			<property name="Shape" value="ModelEntity"/>
			<property name="ImposterExchange" value="streetLightImposter"/>
			<property name="Collide" value="movement,melee,bullet,arrow,rocket"/>
			<property name="Model" value="Entities/Lighting/street_light01Prefab"/>
			<property name="HandleFace" value="Bottom"/>
			<property name="OnlySimpleRotations" value="true"/>
			<drop event="Harvest" name="resourceElectricParts" count="2,4" tag="salvageHarvest"/>
			<drop event="Harvest" name="resourceElectricParts" count="5,10" tag="salvageHarvest"/>
			<drop event="Destroy" name="resourceScrapIron" count="1,15"/>
			<drop event="Fall" name="scrapMetalPile" count="1" prob="0.75" stick_chance="1"/>
			<property name="TakeDelay" value="5"/>
			<property name="Group" value="Science"/>
			<property name="FilterTags" value="fdecor,felectrical"/>
			<property name="SortOrder1" value="70a0"/>
			<property name="RequiredPower" value="7"/>
		</block>

		<block name="Street Light Classic">
			<property name="Class" value="PoweredLight"/>
			<property name="Extends" value="porchLight01" param1="HandleFace"/>
			<property name="CreativeMode" value="Player"/>
			<property name="DescriptionKey" value="lightPlayerGroupDesc"/>
			<property name="CustomIcon" value="streetLightClassic"/>
			<property name="RuntimeSwitch" value="true"/>
			<property name="Model" value="Entities/Lighting/streetLamp_ClassicPrefab"/>
			<property name="DisplayType" value="blockMulti"/>
			<property name="MultiBlockDim" value="1,5,1"/>
			<property name="Material" value="Mmetal"/>
			<property name="Collide" value="movement,melee,bullet,arrow,rocket"/>
			<property name="ImposterExchange" value="imposterDontBlockCTRPole" param1="169"/>
			<property name="OnlySimpleRotations" value="true"/>
			<property name="IsTerrainDecoration" value="true"/>
			<drop event="Harvest" name="resourceElectricParts" count="4,6" tag="salvageHarvest"/>
			<drop event="Destroy" name="resourceScrapIron" count="1,15"/>
			<property name="TakeDelay" value="5"/>
			<property name="RequiredPower" value="7"/>
		</block>

		<block name="Road Barricade Light">
			<property name="Extends" value="ceilingLight01_player" param1="HandleFace,UnlockedBy"/>
			<property name="CustomIcon" value="roadBarricadeLight"/>
			<property name="Material" value="Mmetal"/>
			<property name="IsTerrainDecoration" value="true"/>
			<property name="DisplayType" value="blockMulti"/>
			<property name="MultiBlockDim" value="3,2,1"/>
			<property name="OnlySimpleRotations" value="true"/>
			<property name="Place" value="TowardsPlacerInverted"/>
			<property name="Model" value="Entities/Signs/barricadePrefab"/>
			<property name="Collide" value="melee,bullet,arrow,rocket,movement"/>
			<drop event="Destroy" name="resourceScrapIron" count="3,12"/>
			<property name="RequiredPower" value="3"/>
		</block>

		<block name="Old Outdoor Light">
			<property name="Extends" value="ceilingLight01_player" param1="HandleFace,UnlockedBy"/>
			<property name="CustomIcon" value="porchLight01"/>
			<property name="Model" value="Entities/Lighting/porchLight01Prefab"/>
			<property name="HandleFace" value="West"/>
			<property name="RequiredPower" value="3"/>
		</block>

		<block name="Warehouse Outdoor Light">
			<property name="Extends" value="ceilingLight01_player" param1="HandleFace,UnlockedBy"/>
			<property name="CustomIcon" value="wallLight01"/>
			<property name="Model" value="Entities/Lighting/wall_light01Prefab"/>
			<property name="HandleFace" value="South"/>
			<property name="RequiredPower" value="3"/>
		</block>

		<block name="Iron Outdoor Light">
			<property name="Extends" value="Old Outdoor Light"/>
			<property name="CustomIcon" value="porchLight04"/>
			<property name="Model" value="Entities/Lighting/porchLight04Prefab"/>
		</block>

		<block name="Brass Outdoor Light">
			<property name="Extends" value="Old Outdoor Light"/>
			<property name="CustomIcon" value="porchLight04Brass"/>
			<property name="Model" value="Entities/Lighting/porchLight04BrassPrefab"/>
		</block>

		<block name="Red Industrial Light">
			<property name="Extends" value="ceilingLight01_player" param1="UnlockedBy"/>
			<property name="CustomIcon" value="industrialLight02Red"/>
			<property name="Model" value="Entities/Lighting/industrial_light_02_redPrefab"/>
			<property name="RequiredPower" value="3"/>
		</block>

		<block name="Silver Dome Light">
			<property name="Extends" value="Red Industrial Light"/>
			<property name="CustomIcon" value="ceilingLight02"/>
			<property name="Model" value="Entities/Lighting/ceilingLight02Prefab"/>
		</block>

		<block name="Brass Dome Light">
			<property name="Extends" value="Red Industrial Light"/>
			<property name="CustomIcon" value="ceilingLight02Brass"/>
			<property name="Model" value="Entities/Lighting/ceilingLight02BrassPrefab"/>
		</block>

		<block name="Warehouse Ceiling Light">
			<property name="Extends" value="Red Industrial Light"/>
			<property name="CustomIcon" value="ceilingLight04"/>
			<property name="Model" value="Entities/Lighting/ceilingLight04Prefab"/>
		</block>

		<block name="Silver Glass Light">
			<property name="Extends" value="Red Industrial Light"/>
			<property name="CustomIcon" value="ceilingLight05"/>
			<property name="Model" value="Entities/Lighting/ceilingLight05Prefab"/>
		</block>

		<block name="Brass Glass Light">
			<property name="Extends" value="Red Industrial Light"/>
			<property name="CustomIcon" value="ceilingLight05Brass"/>
			<property name="Model" value="Entities/Lighting/ceilingLight05BrassPrefab"/>
		</block>

		<block name="Sconce Light">
			<property name="Extends" value="Old Outdoor Light"/>
			<property name="CustomIcon" value="sconce1Light"/>
			<property name="Model" value="Entities/Lighting/sconce_1_Prefab"/>
		</block>

		<block name="Sconce Light Shadows">
			<property name="Extends" value="Old Outdoor Light"/>
			<property name="CustomIcon" value="sconce1Light"/>
			<property name="Model" value="Entities/Lighting/sconce_1_ShadowPrefab"/>
		</block>

		<block name="Desk Lamp">
			<property name="Extends" value="Red Industrial Light" param1="HandleFace"/>
			<property name="CustomIcon" value="deskLampLight"/>
			<property name="Model" value="Entities/Lighting/desk_lampPrefab"/>
			<property name="RequiredPower" value="2"/>
		</block>

		<block name="Table Lamp">
			<property name="Extends" value="Red Industrial Light" param1="HandleFace"/>
			<property name="CustomIcon" value="tableLampLight"/>
			<property name="Model" value="Entities/Lighting/table_lampPrefab"/>
			<property name="RequiredPower" value="2"/>
		</block>

		<block name="Ceiling Fan Light">
			<property name="Extends" value="Red Industrial Light"/>
			<property name="CustomIcon" value="ceilingFanLight"/>
			<property name="Path" value="solid"/>
			<property name="Model" value="Entities/Lighting/ceiling_fanPrefab"/>
		</block>

		<block name="Exit Sign">
			<property name="Extends" value="Warehouse Outdoor Light"/>
			<property name="CustomIcon" value="signExitLight"/>
			<property name="Model" value="Entities/Lighting/exit_signPrefab"/>
			<property name="RequiredPower" value="2"/>
		</block>

		<block name="End Table Lamp">
			<property name="Extends" value="Red Industrial Light" param1="HandleFace,"/>
			<property name="CustomIcon" value="endTableLamp"/>
			<property name="Path" value="solid"/>
			<property name="Model" value="Entities/Lighting/end_table_lightPrefab"/>
			<property name="Collide" value="movement,melee,bullet,arrow,rocket"/>
			<property name="RequiredPower" value="2"/>
		</block>

		<block name="X-Ray Display Light 1">
			<property name="Extends" value="Warehouse Outdoor Light"/>
			<property name="CustomIcon" value="xRayDisplayLight1"/>
			<property name="Model" value="Entities/Lighting/xray_displayPrefab"/>
			<property name="RequiredPower" value="1"/>
		</block>

		<block name="X-Ray Display Light 2">
			<property name="Extends" value="Warehouse Outdoor Light"/>
			<property name="CustomIcon" value="xRayDisplayLight2"/>
			<property name="Model" value="Entities/Lighting/xray_display_2Prefab"/>
			<property name="RequiredPower" value="1"/>
		</block>

		<block name="Work Light">
			<property name="Extends" value="Old Outdoor Light" param1="HandleFace"/>
			<property name="CustomIcon" value="workLightPOI"/>
			<property name="Model" value="Entities/Lighting/work_lightPrefab"/>
			<property name="DisplayType" value="blockMulti"/>
			<property name="MultiBlockDim" value="1,2,1"/>
			<property name="Collide" value="melee,bullet,arrow,rocket,movement"/>
		</block>


		<!-- ********** Extended Light Helper Block ********** -->

		<block name="Extended Light">
			<property name="Extends" value="ceilingLight01_player" param1="HandleFace,UnlockedBy"/>
			<property name="CustomIcon" value="porchLight04"/>
			<property name="CreativeMode" value="Player"/>
			<property name="DescriptionKey" value="blockVariantHelperGroupDesc"/>
			<property name="ItemTypeIcon" value="all_blocks"/>
			<property name="SelectAlternates" value="true" />
			<property name="PlaceAltBlockValue" value="Old Outdoor Light,Iron Outdoor Light,Brass Outdoor Light,Red Industrial Light,Silver Dome Light,Brass Dome Light,Warehouse Ceiling Light,Silver Glass Light,Brass Glass Light,Warehouse Outdoor Light,Street Light,Street Light Classic,Sconce Light,Sconce Light Shadows,Desk Lamp,Table Lamp,Ceiling Fan Light,Exit Sign,End Table Lamp,X-Ray Display Light 1,X-Ray Display Light 2,Road Barricade Light,Shop Sign Open,ceilingLight07_player,Work Light,corrugatedMetalPillar0.025CTR"/>
		</block>
	</append>
</configs>
