<?xml version="1.0" encoding="utf-8"?>
<configs>
	<append xpath="/recipes">

		<!-- ********** Extended Light Helper Recipe ********** -->

		<recipe name="Extended Light" count="1" craft_area="workbench" tags="workbenchCrafting,perkAdvancedEngineering">
			<ingredient name="resourceForgedIron" count="5"/>
			<ingredient name="resourceElectricParts" count="4"/>
			<effect_group>
				<passive_effect name="CraftingIngredientCount" level="0,1,2,3,4" operation="perc_add" value=".5,.5,.5,.3,.15" tags="resourceForgedIron,resourceElectricParts"/>
			</effect_group>
		</recipe>

	</append>
</configs>
