<configs>

<!-- TODO: Test Setting. Remove before releasing !!! -->
<set xpath="/blocks/block[@name='cropsGrowingMaster']/property[@name='PlantGrowing.GrowthRate']/@value">1.0</set>

<append xpath="/blocks">
	<block name="Super Potato (Seed)">
		<property name="Extends" value="cropsGrowingMaster" param1="CustomIcon,DescriptionKey"/>
		<property name="CustomIcon" value="plantedPotato1"/> <property name="CustomIconTint" value="ff9f9f"/>
		<property name="DescriptionKey" value="plantedPotato1Desc"/>
		<property name="CreativeMode" value="Player"/>
		<property name="Shape" value="ModelEntity"/>
		<property name="Model" value="Entities/Plants/potato_plant_sproutPrefab"/>
		<property name="PlantGrowing.Next" value="Super Potato (Growing)"/>
		<property name="EconomicValue" value="30000"/>
		<property name="EconomicBundleSize" value="1"/>
		<property name="SellableToTrader" value="false"/>
		<property name="Group" value="Food/Cooking"/>
		<drop event="Destroy" name="Super Potato (Seed)" count="1"/>
	</block>

	<block name="Super Potato (Growing)">
		<property name="Extends" value="Super Potato (Seed)"/>
		<property name="CreativeMode" value="None"/>
		<property name="CustomIcon" value="Super Potato (Seed)"/>
		<property name="Shape" value="ModelEntity"/>
		<property name="Model" value="Entities/Plants/potato_plant_growthPrefab"/>
		<property name="PlantGrowing.Next" value="Super Potato Plant"/>
		<drop event="Destroy" name="Super Potato (Seed)" count="1"/>
	</block>

	<block name="Super Potato Plant (POI)">
		<property name="Extends" value="cropsHarvestableMaster"/>
		<property name="CustomIcon" value="plantedPotato3Harvest"/>
		<property name="DisplayInfo" value="Description"/>
		<property name="DescriptionKey" value="Super Potato Plant"/>
		<property name="Shape" value="ModelEntity"/>
		<property name="Model" value="Entities/Plants/potato_plant_harvestPrefab"/>
		<drop event="Harvest" name="Super Potato" count="1" tag="wildCropsHarvest"/>
	</block>

	<block name="Super Potato Plant">
		<property name="Extends" value="Super Potato Plant (POI)"/>
		<property name="CustomIcon" value="Super Potato (Seed)"/>
		<property name="CreativeMode" value="None"/>
		<drop event="Harvest" name="Super Potato" count="1" tag="cropHarvest"/>
		<property name="DowngradeBlock" value="Super Potato (Seed)"/>
	</block>

	<block name="Mutated Mushroom Spore (Seed)">
		<property name="Extends" value="cropsGrowingMaster" param1="CustomIcon,DescriptionKey,MultiBlockDim,OnlySimpleRotations"/>
		<property name="CustomIcon" value="plantedMushroom1"/> <property name="CustomIconTint" value="98e700"/>
		<property name="CreativeMode" value="Player"/>
		<property name="DisplayInfo" value="Name"/>
		<property name="DescriptionKey" value="plantedMushroom1Desc"/>
		<!--property name="DescriptionKey" value="Mutated Mushroom spores can be planted on ground with a bare minimum of fertility and will grow without light"/-->
		<property name="Material" value="Mmushrooms"/>
		<property name="LightOpacity" value="0"/>
		<property name="Shape" value="Ext3dModel"/> <property name="Texture" value="293"/>
		<property name="Mesh" value="models"/>
		<property name="Model" value="OutdoorDecor/mushroom_sprout" param1="main_mesh"/>
		<property name="Collide" value="melee"/>
		<property name="HandleFace" value="Bottom"/>
		<property name="PlantGrowing.LightLevelGrow" value="0"/>
		<property name="PlantGrowing.LightLevelStay" value="0"/>
		<property name="PlantGrowing.FertileLevel" value="0"/>
		<property name="PlantGrowing.Next" value="Mutated Mushroom Plant (Growing)"/>
		<property name="HarvestOverdamage" value="false"/>
		<drop event="Destroy" name="Mutated Mushroom Spore (Seed)" count="1"/>
		<property name="EconomicValue" value="30000"/>
		<property name="EconomicBundleSize" value="1"/>
		<!--property name="SellableToTrader" value="false"/-->
		<property name="Group" value="Food/Cooking"/>
	</block>

	<block name="Mutated Mushroom Plant (Growing)">
		<property name="Extends" value="Mutated Mushroom Spore (Seed)"/>
		<property name="CustomIcon" value="Mutated Mushroom Spore (Seed)"/>
		<property name="CreativeMode" value="None"/>
		<property name="Model" value="OutdoorDecor/mushroom_growth" param1="main_mesh"/>
		<property name="PlantGrowing.Next" value="Mutated Mushroom Plant"/>
	</block>

	<block name="Mutated Mushroom Plant (POI)"> <!-- Mutated Mushrooms, stage 3, harvestable / player-farmed and prefab mushrooms -->
		<property name="Material" value="Mmushrooms"/>
		<property name="CustomIcon" value="plantedMushroom3Harvest"/>
		<property name="DisplayType" value="blockMulti" />
		<property name="DisplayInfo" value="Description"/>
		<property name="DescriptionKey" value="Mutated Mushroom Plant"/>
		<property name="Shape" value="Ext3dModel"/> <property name="Texture" value="293"/>
		<property name="Mesh" value="models"/>
		<property name="Model" value="OutdoorDecor/mushroom_harvest" param1="main_mesh"/>
		<property name="Collide" value="melee"/>
		<property name="IsTerrainDecoration" value="true"/>
		<property name="PlantGrowing.FertileLevel" value="0"/>
		<property name="CropsGrown.BonusHarvestDivisor" value="16"/>
		<property name="HarvestOverdamage" value="false"/>
		<drop event="Harvest" name="Mutated Mushrooms" count="1" tag="wildCropsHarvest"/>
		<drop event="Destroy" count="0"/>
		<property name="FilterTags" value="foutdoor,fcrops"/>
	</block>

	<block name="Mutated Mushroom Plant">
		<property name="Extends" value="Mutated Mushroom Plant (POI)"/>
		<property name="CustomIcon" value="Mutated Mushroom Plant (POI)"/>
		<property name="CreativeMode" value="None"/>
		<drop event="Harvest" name="Mutated Mushrooms" count="1" tag="cropHarvest"/>
		<property name="DowngradeBlock" value="Mutated Mushroom Spore (Seed)"/>
	</block>
</append>
</configs>
